Business_ID,Business_Name,Owner_Name,Industry,City,State,Business_Age_Years,Owner_Age,Employee_Count,Monthly_Operating_Days,Average_Daily_Customers,Annual_Turnover_INR,GST_Registered,Existing_Loan,Existing_EMI_INR,Working_Capital_INR,Credit_Limit_INR,Business_Category,Personality_Tag,Opening_Balance_INR
MSME001,Balaji Residency,Kavita Jain,Hotel,Nagpur,Maharashtra,22,60,6,30,6,19492510.34,Yes,No,0.0,860605.97,1832075.47,Micro,very_stable,490123.34
MSME002,Star Transport,Lakshmi Patel,Transport Service,Kolkata,West Bengal,18,28,7,28,5,14096708.54,Yes,Yes,116593.66,760435.98,950165.5,Micro,digitally_driven,439868.64
MSME003,Kanpur Provisions,Zaira Bansal,Grocery Store,Kanpur,Uttar Pradesh,14,45,4,25,76,11006711.98,Yes,Yes,206868.65,539895.88,1212942.1,Micro,debt_stressed,368671.44
MSME004,Om Sai Home Appliances,Ganesh Bose,Electronics Shop,Dehradun,Uttarakhand,12,39,3,25,5,11119884.03,Yes,No,0.0,582142.96,1236847.78,Micro,manufacturing_based,269220.73
MSME005,Bharat Family Dhaba,Anita Kumar,Restaurant,Kochi,Kerala,2,30,6,30,12,5500888.74,Yes,Yes,50333.93,408128.36,374267.8,Micro,rapidly_growing,150970.72
MSME006,Krishna Constructions,Pooja Das,Construction Contractor,Varanasi,Uttar Pradesh,7,53,3,26,5,11653917.18,Yes,No,0.0,525863.13,779843.83,Micro,cash_heavy,488011.57
MSME007,Shree Industries,Arun Reddy,Manufacturing Unit,Pune,Maharashtra,19,62,8,26,5,22914765.17,Yes,No,0.0,1661700.39,2345157.57,Micro,recovery_phase,682603.44
MSME008,Star Tools,Rajesh Pillai,Hardware Store,Kanpur,Uttar Pradesh,7,57,3,27,8,9046282.59,Yes,Yes,216721.73,297175.1,744757.29,Micro,high_emi,386049.81
MSME009,Ganesh Garments,Suresh Das,Garment Store,Guwahati,Assam,4,46,8,30,12,12699365.25,Yes,Yes,118669.53,684423.0,849241.05,Micro,seasonal_festival,397733.56
MSME010,Star Farm Supplies,Iqbal Bose,Agriculture Supply,Patna,Bihar,10,34,5,28,6,10338705.96,Yes,No,0.0,348817.43,753626.33,Micro,service_based,363218.86
MSME011,Balaji Kirana,Shweta Verma,Grocery Store,Bhubaneswar,Odisha,8,53,3,25,47,6609406.31,Yes,Yes,82763.84,241864.76,747009.14,Micro,recovery_phase,199653.19
MSME012,Sri Manufacturing,Neha Verma,Manufacturing Unit,Bhubaneswar,Odisha,12,34,8,28,5,23559549.43,Yes,Yes,459980.79,1023811.03,1812403.52,Micro,debt_stressed,902307.87
MSME013,Royal Pharmacy,Deepak Pillai,Pharmacy,Lucknow,Uttar Pradesh,6,56,5,26,23,6077427.61,Yes,Yes,59368.61,307907.17,263197.81,Micro,expansion_phase,278721.2
MSME014,Kolkata Farm Supplies,Ayesha Reddy,Agriculture Supply,Kolkata,West Bengal,3,35,3,25,5,7346703.92,Yes,Yes,56872.73,490006.36,433427.16,Micro,service_based,139631.15
MSME015,Sri Bakers,Pooja Singh,Bakery,Chennai,Tamil Nadu,10,51,5,30,41,5619168.53,Yes,Yes,41379.9,209659.3,505064.23,Micro,inventory_intensive,190180.37
MSME016,Bharat Dairy,Vikram Kumar,Dairy,Guwahati,Assam,9,36,5,30,140,14171413.77,Yes,No,0.0,1008781.81,617578.27,Micro,digitally_driven,399522.01
MSME017,Bharat Medicals,Farhan Verma,Pharmacy,Bhopal,Madhya Pradesh,19,39,6,30,33,10175176.9,Yes,Yes,257359.91,604471.9,704500.08,Micro,high_emi,191608.6
MSME018,Varanasi Telecom,Zaira Rao,Mobile Shop,Varanasi,Uttar Pradesh,7,54,6,26,5,9788896.17,Yes,Yes,156388.11,523177.27,1066385.87,Micro,debt_stressed,358305.98
MSME019,Shree Cargo Movers,Rajesh Pillai,Logistics Company,Dehradun,Uttarakhand,20,40,8,25,5,17461821.61,Yes,Yes,126064.28,1277708.81,1957505.0,Micro,cash_heavy,665319.99
MSME020,Annapurna Kitchen,Ganesh Khan,Restaurant,Dehradun,Uttarakhand,16,62,3,30,12,6002738.6,Yes,No,0.0,439774.22,610261.41,Micro,very_stable,170511.41
MSME021,Bharat Motors,Ritu Verma,Automobile Workshop,Nagpur,Maharashtra,12,44,2,30,5,6059202.85,Yes,Yes,60503.14,426524.01,374844.23,Micro,manufacturing_based,161680.13
MSME022,Royal Hotel,Divya Das,Hotel,Patna,Bihar,9,49,7,30,5,10663671.39,Yes,No,0.0,499792.52,1231411.26,Micro,declining,432622.66
MSME023,Ganesh Wood Craft,Rajesh Shah,Furniture Manufacturer,Indore,Madhya Pradesh,14,34,7,27,5,20748844.58,Yes,Yes,171931.74,1188469.76,1547552.62,Micro,manufacturing_based,663215.03
MSME024,Star Medi Store,Deepak Kumar,Pharmacy,Kochi,Kerala,15,31,6,25,44,11295043.47,Yes,No,0.0,489653.01,709662.01,Micro,cash_heavy,280152.52
MSME025,Mysuru Constructions,Karthik Pillai,Construction Contractor,Mysuru,Karnataka,4,57,9,25,5,23795037.62,Yes,Yes,309017.08,1271344.27,2551683.65,Micro,recovery_phase,526431.46
MSME026,Royal General Store,Ayesha Singh,Grocery Store,Bengaluru,Karnataka,2,32,2,28,34,5570420.76,Yes,Yes,40413.58,231741.78,234505.75,Micro,rapidly_growing,240054.61
MSME027,Krishna Tools,Kavita Singh,Hardware Store,Indore,Madhya Pradesh,22,40,3,30,5,6055462.2,Yes,Yes,76753.49,259238.25,643086.01,Micro,recovery_phase,271107.41
MSME028,Rajesh Restaurant,Rajesh Verma,Restaurant,Delhi,Delhi,15,33,5,30,29,14180595.7,Yes,No,0.0,559147.74,1222522.81,Micro,digitally_driven,358039.26
MSME029,Sri Motors,Pooja Khan,Automobile Workshop,Chennai,Tamil Nadu,7,62,5,30,5,6154888.13,Yes,Yes,46925.17,392309.12,589046.83,Micro,digitally_driven,135999.78
MSME030,New Family Dhaba,Sunita Pillai,Restaurant,Guwahati,Assam,7,56,5,30,31,14633711.62,Yes,Yes,158745.83,692603.28,699790.44,Micro,recovery_phase,322092.78
MSME031,Krishna Restaurant,Deepak Ansari,Restaurant,Chennai,Tamil Nadu,2,30,7,30,16,7944333.56,Yes,Yes,59520.82,441478.55,1005608.91,Micro,service_based,165513.09
MSME032,Ganesh Kitchen,Anita Mukherjee,Restaurant,Dehradun,Uttarakhand,18,39,5,30,27,12384918.77,Yes,Yes,148837.32,508052.66,603215.15,Micro,recovery_phase,446154.29
MSME033,Krishna Doodh Bhandar,Anita Pillai,Dairy,Warangal,Telangana,14,61,3,30,101,10051809.47,Yes,No,0.0,500476.68,855500.02,Micro,inventory_intensive,335182.97
MSME034,Balaji Family Dhaba,Anita Menon,Restaurant,Thiruvananthapuram,Kerala,8,55,6,30,27,12746099.94,Yes,Yes,155775.22,392556.56,1603638.91,Micro,recovery_phase,275701.48
MSME035,Krishna Pharmacy,Ritu Patel,Pharmacy,Kanpur,Uttar Pradesh,7,40,6,26,20,5380498.04,Yes,Yes,55436.16,323058.37,339251.04,Micro,expansion_phase,213217.73
MSME036,Om Sai Freight Services,Shweta Mehta,Logistics Company,Bhubaneswar,Odisha,19,39,4,26,5,11854156.06,Yes,Yes,211853.44,522487.96,654616.76,Micro,debt_stressed,402335.47
MSME037,Royal Health Care,Ganesh Mehta,Medical Shop,Kolkata,West Bengal,9,49,7,28,33,7664495.91,Yes,No,0.0,295824.71,861296.07,Micro,expansion_phase,153433.91
MSME038,Sri Restaurant,Deepak Das,Restaurant,Patna,Bihar,2,51,5,30,23,10584313.09,Yes,Yes,223451.36,451972.04,1261862.18,Micro,high_emi,388707.66
MSME039,Warangal Apparels,Naveen Pillai,Garment Store,Warangal,Telangana,6,40,6,28,14,14672292.7,Yes,No,0.0,969245.0,743622.85,Micro,digitally_driven,252653.75
MSME040,Balaji Health Care,Sanjay Mukherjee,Medical Shop,Nagpur,Maharashtra,12,35,4,26,37,8074497.92,Yes,Yes,70611.8,509947.32,1029931.98,Micro,seasonal_festival,173665.62
MSME041,Manoj Industries,Manoj Iyer,Manufacturing Unit,Rajkot,Gujarat,7,52,9,30,5,28720457.6,Yes,Yes,276926.82,1428875.75,3138140.32,Micro,service_based,1288454.01
MSME042,New Provisions,Neha Rao,Grocery Store,Coimbatore,Tamil Nadu,7,52,5,27,68,10114853.5,Yes,No,0.0,387945.22,643183.86,Micro,inventory_intensive,350834.96
MSME043,Star Offset Press,Manoj Mehta,Printing Press,Kanpur,Uttar Pradesh,17,32,5,27,5,3788465.72,No,Yes,29109.46,271933.9,272610.2,Micro,inventory_intensive,143715.06
MSME044,Shree Carriers,Pooja Reddy,Transport Service,Varanasi,Uttar Pradesh,7,37,8,30,5,14581097.86,Yes,Yes,126553.12,684040.56,990103.86,Micro,cash_heavy,294185.75
MSME045,Star Kitchen,Divya Chaudhary,Restaurant,Madurai,Tamil Nadu,3,51,8,30,27,12690002.34,Yes,Yes,102454.77,420410.38,631760.86,Micro,inventory_intensive,493455.22
MSME046,Star Health Care,Radha Pillai,Medical Shop,Kanpur,Uttar Pradesh,10,62,5,28,22,5389175.48,Yes,Yes,39234.69,220594.91,530103.25,Micro,manufacturing_based,178909.12
MSME047,Anita Tools,Anita Mehta,Hardware Store,Chennai,Tamil Nadu,22,42,7,25,8,8018303.72,Yes,Yes,136417.01,551646.38,580860.59,Micro,declining,307623.09
MSME048,Ganesh Doodh Bhandar,Neha Pillai,Dairy,Varanasi,Uttar Pradesh,22,50,3,30,91,9351594.78,Yes,Yes,174543.76,607083.75,722884.56,Micro,debt_stressed,389131.0
MSME049,Ganesh Roadways,Ganesh Verma,Transport Service,Hyderabad,Telangana,10,60,8,28,5,12011967.0,Yes,Yes,102553.12,531079.67,933480.19,Micro,rapidly_growing,363129.78
MSME050,Annapurna General Store,Shweta Singh,Grocery Store,Mysuru,Karnataka,10,42,4,30,28,4847120.21,Yes,Yes,62904.71,143246.15,398498.95,Micro,recovery_phase,214244.69
MSME051,Krishna Carriers,Shweta Khan,Transport Service,Delhi,Delhi,22,53,8,27,5,15151246.05,Yes,No,0.0,907873.13,1842259.85,Micro,cash_heavy,539997.11
MSME052,Shree Provisions,Suresh Menon,Grocery Store,Rajkot,Gujarat,4,57,2,27,33,4738805.88,Yes,No,0.0,289669.15,295126.02,Micro,seasonal_festival,100523.0
MSME053,Om Sai Constructions,Pooja Khan,Construction Contractor,Bhubaneswar,Odisha,17,39,7,28,5,17102224.9,Yes,Yes,259504.83,661012.26,1664485.38,Micro,debt_stressed,613286.53
MSME054,Ganesh Agri Centre,Anita Mukherjee,Agriculture Supply,Bengaluru,Karnataka,13,61,6,26,10,14786894.99,Yes,Yes,268473.22,1025639.08,673242.77,Micro,declining,418992.35
MSME055,Shree Digital World,Kavita Khan,Electronics Shop,Mumbai,Maharashtra,14,56,5,25,5,17664112.39,Yes,No,0.0,618299.65,1044389.25,Micro,inventory_intensive,670770.6
MSME056,Krishna General Store,Sanjay Nair,Grocery Store,Bhopal,Madhya Pradesh,2,54,3,26,69,9923241.82,Yes,Yes,83491.11,507665.49,609798.96,Micro,cash_heavy,313192.07
MSME057,Jodhpur Transport,Ayesha Rao,Transport Service,Jodhpur,Rajasthan,4,59,6,27,5,13389270.58,Yes,Yes,112780.09,854525.05,648448.68,Micro,rapidly_growing,505534.91
MSME058,Kolkata Wood Craft,Ramesh Patel,Furniture Manufacturer,Kolkata,West Bengal,22,47,7,30,5,15139470.37,Yes,Yes,134266.01,1153520.19,1854677.29,Micro,very_stable,526810.29
MSME059,Deepak Medi Store,Deepak Verma,Pharmacy,Bhubaneswar,Odisha,6,48,7,25,46,10958595.35,Yes,Yes,286787.33,537444.28,890609.58,Micro,high_emi,250457.83
MSME060,Shree Krishi Kendra,Pooja Khan,Agriculture Supply,Thiruvananthapuram,Kerala,17,56,8,26,9,13019497.34,Yes,Yes,196120.01,388157.97,1112853.28,Micro,declining,590095.75
MSME061,Annapurna Transport,Sunita Shah,Transport Service,Jodhpur,Rajasthan,9,50,7,28,5,12465167.22,Yes,Yes,102006.48,685085.45,1292012.54,Micro,rapidly_growing,279232.47
MSME062,Royal Kitchen,Ramesh Reddy,Restaurant,Varanasi,Uttar Pradesh,5,47,8,30,31,15213248.18,Yes,No,0.0,1088696.77,945725.21,Micro,service_based,361084.06
MSME063,Royal Family Dhaba,Kavita Mehta,Restaurant,Kanpur,Uttar Pradesh,11,62,5,30,22,10400424.39,Yes,Yes,86238.84,353208.23,487768.91,Micro,rapidly_growing,454323.12
MSME064,Krishna Mobile World,Radha Chaudhary,Mobile Shop,Ludhiana,Punjab,6,61,2,26,5,5158875.64,Yes,No,0.0,282823.67,471352.19,Micro,manufacturing_based,137519.4
MSME065,Balaji Motors,Rajesh Iyer,Automobile Workshop,Kanpur,Uttar Pradesh,9,50,7,30,5,8732439.76,Yes,No,0.0,521435.66,649555.45,Micro,service_based,162468.36
MSME066,Bharat Medi Plus,Suresh Mehta,Medical Shop,Bhopal,Madhya Pradesh,7,52,6,27,42,9129184.57,Yes,Yes,107496.05,313532.5,647230.58,Micro,recovery_phase,436526.23
MSME067,Bharat Mobile World,Naveen Bansal,Mobile Shop,Ludhiana,Punjab,10,34,5,27,5,10527959.56,Yes,Yes,92748.41,735854.9,1155245.14,Micro,cash_heavy,218319.48
MSME068,Balaji Service Point,Neha Rao,Automobile Workshop,Surat,Gujarat,18,32,5,25,5,6884218.03,Yes,No,0.0,225842.79,472897.13,Micro,seasonal_festival,188726.25
MSME069,Annapurna Service Point,Naveen Shah,Automobile Workshop,Jaipur,Rajasthan,20,61,3,26,5,10910411.65,Yes,Yes,181196.73,481906.89,976918.62,Micro,debt_stressed,442364.0
MSME070,Krishna Medicals,Ganesh Shah,Pharmacy,Dehradun,Uttarakhand,10,44,4,27,42,11768474.6,Yes,Yes,102804.59,429481.88,575021.22,Micro,digitally_driven,493480.48
MSME071,Shree Medicals,Radha Singh,Medical Shop,Coimbatore,Tamil Nadu,8,39,6,25,33,6678411.48,Yes,Yes,58823.28,288382.75,483999.07,Micro,manufacturing_based,235652.48
MSME072,New Farm Supplies,Pooja Chaudhary,Agriculture Supply,Mysuru,Karnataka,13,60,7,30,8,13561368.12,Yes,No,0.0,521748.19,1548274.35,Micro,service_based,539905.8
MSME073,Shree Cafe,Ramesh Mehta,Cafe,Chandigarh,Chandigarh,12,55,2,30,15,3007627.02,No,Yes,49878.62,186993.72,337934.56,Micro,debt_stressed,122617.64
MSME074,Star Kirana,Amit Sharma,Grocery Store,Ahmedabad,Gujarat,14,61,4,28,60,9196900.4,Yes,No,0.0,424955.11,527679.88,Micro,manufacturing_based,181299.65
MSME075,Star Motors,Ritu Bansal,Automobile Workshop,Hyderabad,Telangana,17,52,3,25,5,6843624.19,Yes,No,0.0,362888.65,476068.7,Micro,recovery_phase,173176.04
MSME076,Om Sai Milk Products,Kavita Reddy,Dairy,Mumbai,Maharashtra,10,41,5,30,66,6592603.94,Yes,No,0.0,371671.83,682212.29,Micro,inventory_intensive,233915.03
MSME077,Bharat Industries,Radha Rao,Manufacturing Unit,Lucknow,Uttar Pradesh,10,43,7,28,5,28367149.57,Yes,No,0.0,2145358.44,1589874.42,Micro,declining,1246106.97
MSME078,Om Sai Bakery,Priya Kumar,Bakery,Guwahati,Assam,5,35,2,26,37,4812359.0,Yes,Yes,43621.28,212762.06,319048.47,Micro,rapidly_growing,112714.0
MSME079,Om Sai Transport,Neha Pillai,Transport Service,Thiruvananthapuram,Kerala,3,29,3,28,5,5421881.68,Yes,Yes,42552.98,342007.03,558818.23,Micro,seasonal_festival,132136.61
MSME080,Jodhpur Confectionery,Kavita Bansal,Bakery,Jodhpur,Rajasthan,6,62,2,28,25,3407784.78,No,No,0.0,224965.55,385383.22,Micro,manufacturing_based,141010.12
MSME081,Ganesh Milk Products,Karthik Bansal,Dairy,Madurai,Tamil Nadu,8,58,3,30,78,7768353.52,Yes,Yes,59442.22,394592.44,820999.77,Micro,manufacturing_based,169773.52
MSME082,Balaji Digital World,Amit Reddy,Electronics Shop,Chennai,Tamil Nadu,12,36,6,30,5,14382845.28,Yes,Yes,130569.88,1003059.73,1180827.54,Micro,digitally_driven,265055.03
MSME083,Sri Fashions,Ramesh Reddy,Garment Store,Chennai,Tamil Nadu,3,39,3,26,11,10010636.08,Yes,No,0.0,463764.78,585817.91,Micro,very_stable,238840.75
MSME084,New Bistro,Kavita Bose,Cafe,Kanpur,Uttar Pradesh,22,57,5,30,29,5982430.87,Yes,Yes,76332.54,196591.64,330367.39,Micro,recovery_phase,175037.34
MSME085,Ganesh Krishi Kendra,Naveen Reddy,Agriculture Supply,Dehradun,Uttarakhand,4,43,5,25,5,7066074.59,Yes,No,0.0,234045.92,812686.81,Micro,service_based,151042.35
MSME086,Star Infra,Radha Sharma,Construction Contractor,Chennai,Tamil Nadu,11,54,9,26,5,18255489.71,Yes,No,0.0,1183491.46,1937670.62,Micro,declining,788441.92
MSME087,Sri Agri Centre,Anita Menon,Agriculture Supply,Bengaluru,Karnataka,4,44,5,26,7,10005373.17,Yes,No,0.0,506911.97,544219.22,Micro,inventory_intensive,457994.43
MSME088,Radha General Store,Radha Reddy,Grocery Store,Madurai,Tamil Nadu,21,50,7,30,56,8992717.98,Yes,Yes,72477.31,568492.6,550530.33,Micro,service_based,290366.63
MSME089,Annapurna Cafe,Naveen Ansari,Cafe,Guwahati,Assam,12,57,4,30,46,8891743.88,Yes,Yes,131400.77,450669.19,483523.12,Micro,declining,365710.04
MSME090,Sri Medi Plus,Ramesh Menon,Medical Shop,Indore,Madhya Pradesh,5,34,6,28,25,6072916.88,Yes,Yes,124234.78,234128.73,475916.37,Micro,debt_stressed,211832.94
MSME091,Royal Furniture Works,Deepak Sharma,Furniture Manufacturer,Hyderabad,Telangana,2,58,9,25,5,18047109.68,Yes,Yes,155923.02,1282986.12,1557814.57,Micro,seasonal_festival,655581.26
MSME092,Om Sai Carriers,Kavita Kumar,Transport Service,Delhi,Delhi,21,62,5,25,5,7064109.95,Yes,Yes,51526.89,208022.68,472901.17,Micro,seasonal_festival,304162.56
MSME093,Krishna Fabrics,Manoj Rao,Textile Shop,Pune,Maharashtra,20,61,7,26,5,10775245.24,Yes,Yes,123262.54,625390.42,1171896.96,Micro,expansion_phase,203013.28
MSME094,Royal Coffee House,Karthik Reddy,Cafe,Kolkata,West Bengal,18,51,4,30,35,7206299.86,Yes,No,0.0,362453.07,357538.02,Micro,digitally_driven,281125.05
MSME095,Royal Medicals,Meena Chaudhary,Medical Shop,Nagpur,Maharashtra,7,48,4,25,41,8514036.41,Yes,No,0.0,491839.74,696678.29,Micro,manufacturing_based,148065.0
MSME096,Sri Industries,Rajesh Ansari,Manufacturing Unit,Pune,Maharashtra,5,30,8,27,5,17036516.5,Yes,Yes,153949.54,1192959.05,1374012.3,Micro,rapidly_growing,462920.51
MSME097,Ritu Telecom,Ritu Gupta,Mobile Shop,Guwahati,Assam,3,52,5,26,5,6716004.27,Yes,No,0.0,472151.2,466697.63,Micro,very_stable,168971.37
MSME098,Annapurna Products,Farhan Ansari,Manufacturing Unit,Kochi,Kerala,18,47,10,25,5,26023559.44,Yes,Yes,268771.17,1198938.58,1269054.67,Micro,expansion_phase,1008668.52
MSME099,Star Textiles,Shweta Mukherjee,Textile Shop,Chennai,Tamil Nadu,2,53,4,27,5,8933829.97,Yes,Yes,153955.98,312571.64,791940.65,Micro,debt_stressed,244470.33
MSME100,New Mobiles,Naveen Verma,Mobile Shop,Ludhiana,Punjab,3,51,6,30,5,6721081.84,Yes,Yes,120554.62,403372.4,831661.56,Micro,declining,172209.11
MSME101,Royal Auto Garage,Amit Shah,Automobile Workshop,Chandigarh,Chandigarh,2,49,4,27,5,9331762.62,Yes,Yes,79769.6,359824.06,933342.69,Micro,rapidly_growing,319351.69
MSME102,Shree Manufacturing,Rajesh Verma,Manufacturing Unit,Kochi,Kerala,5,35,7,25,5,17500829.56,Yes,No,0.0,831267.42,1618762.94,Micro,recovery_phase,458693.21
MSME103,Shree Family Dhaba,Iqbal Kumar,Restaurant,Chandigarh,Chandigarh,17,51,4,30,16,8309821.56,Yes,No,0.0,307812.64,620785.62,Micro,seasonal_festival,298662.39
MSME104,New Electronics,Neha Iyer,Electronics Shop,Bengaluru,Karnataka,17,46,8,26,5,16847113.28,Yes,No,0.0,1010618.84,2235011.24,Micro,cash_heavy,621776.05
MSME105,New Residency,Deepak Rao,Hotel,Nagpur,Maharashtra,18,53,3,30,5,7188151.72,Yes,Yes,69877.94,519021.99,306706.74,Micro,inventory_intensive,264896.87
MSME106,Mumbai Cafe,Suresh Das,Cafe,Mumbai,Maharashtra,11,41,5,30,16,3214732.83,Yes,Yes,86209.69,184945.0,394304.23,Micro,high_emi,129286.1
MSME107,Ganesh Apparels,Kavita Mukherjee,Garment Store,Jodhpur,Rajasthan,5,60,4,25,10,8795363.72,Yes,Yes,93110.03,293690.22,876526.18,Micro,expansion_phase,294879.58
MSME108,Ganesh Mobile World,Pooja Khan,Mobile Shop,Hyderabad,Telangana,8,59,5,25,5,14132586.53,Yes,No,0.0,926760.06,672800.87,Micro,recovery_phase,369265.05
MSME109,Om Sai Farm Supplies,Ganesh Reddy,Agriculture Supply,Bengaluru,Karnataka,15,62,7,26,8,12676599.54,Yes,Yes,108786.34,892648.26,745675.08,Micro,service_based,536379.27
MSME110,Krishna Hardware,Rajesh Iyer,Hardware Store,Pune,Maharashtra,22,29,6,27,5,4683375.07,Yes,Yes,35583.54,202956.82,402891.32,Micro,seasonal_festival,130980.88
MSME111,New Service Point,Manoj Das,Automobile Workshop,Bhopal,Madhya Pradesh,22,51,6,26,5,6188019.68,Yes,No,0.0,250758.89,285346.31,Micro,seasonal_festival,228089.23
MSME112,Ganesh Pharmacy,Priya Sharma,Pharmacy,Varanasi,Uttar Pradesh,19,35,3,26,21,5830702.61,Yes,No,0.0,263503.56,635712.37,Micro,manufacturing_based,122809.94
MSME113,Thiruvananthapuram Bakery,Farhan Shah,Bakery,Thiruvananthapuram,Kerala,17,52,3,30,42,5945801.21,Yes,Yes,52400.13,205447.26,262524.13,Micro,rapidly_growing,142136.08
MSME114,Hyderabad Transport,Ritu Patel,Transport Service,Hyderabad,Telangana,11,44,4,27,5,12012356.28,Yes,No,0.0,801906.97,1348111.8,Micro,manufacturing_based,278151.93
MSME115,Shree General Store,Divya Das,Grocery Store,Varanasi,Uttar Pradesh,22,38,4,25,76,10543310.78,Yes,Yes,268808.23,459909.55,656611.85,Micro,high_emi,295664.58
MSME116,Balaji Provisions,Sanjay Singh,Grocery Store,Lucknow,Uttar Pradesh,10,29,4,30,26,4327256.45,Yes,No,0.0,276204.83,549074.23,Micro,seasonal_festival,121815.82
MSME117,Bharat Confectionery,Farhan Gupta,Bakery,Varanasi,Uttar Pradesh,10,31,3,28,40,5131893.77,Yes,No,0.0,237652.35,427451.94,Micro,inventory_intensive,178045.89
MSME118,Krishna Kitchen,Ayesha Reddy,Restaurant,Kolkata,West Bengal,16,49,8,30,28,13103285.68,Yes,No,0.0,565065.98,1185246.26,Micro,seasonal_festival,361723.55
MSME119,Star General Store,Lakshmi Rao,Grocery Store,Warangal,Telangana,14,61,4,26,42,5943506.23,Yes,No,0.0,431880.67,302799.84,Micro,rapidly_growing,105059.27
MSME120,Bharat Printers,Deepak Verma,Printing Press,Warangal,Telangana,2,32,5,30,5,5065541.32,Yes,No,0.0,202290.93,521786.8,Micro,very_stable,130148.88
MSME121,Annapurna Kirana,Ganesh Shah,Grocery Store,Dehradun,Uttarakhand,21,51,4,26,50,7486513.36,Yes,Yes,59601.73,311288.33,582986.25,Micro,digitally_driven,138849.84
MSME122,Dehradun Kirana,Suresh Bose,Grocery Store,Dehradun,Uttarakhand,19,43,4,26,49,7126444.07,Yes,Yes,60907.13,531466.34,850273.38,Micro,expansion_phase,185778.82
MSME123,Bharat Wood Craft,Neha Nair,Furniture Manufacturer,Chennai,Tamil Nadu,5,58,5,26,5,20183195.98,Yes,Yes,192321.28,1036643.58,1545616.1,Micro,cash_heavy,465376.49
MSME124,Star Roadways,Ayesha Iyer,Transport Service,Varanasi,Uttar Pradesh,4,30,6,25,5,13536319.65,Yes,Yes,259815.54,499316.39,796020.35,Micro,debt_stressed,358097.3
MSME125,New Confectionery,Naveen Jain,Bakery,Dehradun,Uttarakhand,7,34,5,28,26,3647324.89,Yes,No,0.0,252387.08,307909.89,Micro,rapidly_growing,138899.94
MSME126,New Interiors,Manoj Khan,Furniture Manufacturer,Coimbatore,Tamil Nadu,21,51,7,26,5,22793086.02,Yes,Yes,169147.09,1009160.6,1303822.3,Micro,digitally_driven,628995.9
MSME127,Naveen Furniture Works,Naveen Mukherjee,Furniture Manufacturer,Surat,Gujarat,4,61,6,25,5,20515594.53,Yes,No,0.0,1348807.31,1882121.78,Micro,declining,842981.75
MSME128,Bharat Logistics,Ritu Gupta,Logistics Company,Chennai,Tamil Nadu,5,50,6,30,5,14657839.9,Yes,Yes,141331.83,1088280.19,1871837.86,Micro,expansion_phase,546274.15
MSME129,Meena Wood Craft,Meena Chaudhary,Furniture Manufacturer,Jodhpur,Rajasthan,18,40,6,25,5,8581353.02,Yes,No,0.0,521289.67,593730.84,Micro,digitally_driven,326026.98
MSME130,Shree Agri Centre,Amit Rao,Agriculture Supply,Jodhpur,Rajasthan,21,48,7,25,8,11411186.17,Yes,No,0.0,759127.22,690056.8,Micro,manufacturing_based,408904.61
MSME131,Krishna Family Dhaba,Neha Verma,Restaurant,Hyderabad,Telangana,8,36,4,30,31,15084740.37,Yes,No,0.0,927297.92,1139310.84,Micro,cash_heavy,407628.36
MSME132,Bharat Farm Supplies,Amit Khan,Agriculture Supply,Delhi,Delhi,10,54,5,25,5,5023662.43,Yes,Yes,45031.58,188348.95,699244.57,Micro,service_based,146578.05
MSME133,Bharat Mobiles,Iqbal Mukherjee,Mobile Shop,Kolkata,West Bengal,11,30,3,25,5,7922270.72,Yes,No,0.0,224737.83,833968.99,Micro,seasonal_festival,340928.21
MSME134,Star Sarees,Arun Jain,Textile Shop,Lucknow,Uttar Pradesh,16,56,6,28,7,16350101.43,Yes,Yes,175570.65,1243459.49,848257.85,Micro,expansion_phase,707480.03
MSME135,New Sanitary & Hardware,Priya Mukherjee,Hardware Store,Kochi,Kerala,20,29,6,26,11,12041616.89,Yes,No,0.0,566115.67,1111440.06,Micro,service_based,475684.84
MSME136,Deepak Roadways,Deepak Chaudhary,Transport Service,Warangal,Telangana,6,38,6,25,5,8050060.58,Yes,Yes,64932.27,361846.01,759246.47,Micro,cash_heavy,245810.74
MSME137,Annapurna Medi Store,Suresh Khan,Pharmacy,Mysuru,Karnataka,2,56,4,27,43,11119783.57,Yes,Yes,115657.17,438745.55,707936.44,Micro,expansion_phase,451507.21
MSME138,Royal Industries,Iqbal Jain,Manufacturing Unit,Bhopal,Madhya Pradesh,19,43,7,26,5,12466404.2,Yes,No,0.0,967520.2,1181896.45,Micro,seasonal_festival,464135.37
MSME139,Amit Fabrics,Amit Patel,Textile Shop,Surat,Gujarat,6,58,7,30,5,8228595.69,Yes,Yes,138867.28,520064.6,954582.88,Micro,debt_stressed,310540.46
MSME140,Bharat Kirana,Amit Nair,Grocery Store,Guwahati,Assam,22,57,2,30,31,5042314.02,Yes,Yes,108064.03,317572.09,373047.7,Micro,high_emi,236801.25
MSME141,New Sarees,Anita Mukherjee,Textile Shop,Pune,Maharashtra,19,35,4,28,5,12013261.0,Yes,Yes,97532.66,852147.33,650744.28,Micro,cash_heavy,297054.53
MSME142,Ganesh Dairy,Priya Mukherjee,Dairy,Bhubaneswar,Odisha,21,53,4,30,104,10759548.1,Yes,No,0.0,572253.79,548765.12,Micro,manufacturing_based,388404.75
MSME143,Krishna Digital World,Manoj Bose,Electronics Shop,Chandigarh,Chandigarh,15,54,5,25,5,18056552.34,Yes,Yes,180845.29,916472.37,2364845.37,Micro,expansion_phase,494080.96
MSME144,Krishna Manufacturing,Farhan Pillai,Manufacturing Unit,Kanpur,Uttar Pradesh,4,52,7,26,5,17674637.2,Yes,Yes,170109.97,1271018.1,873164.53,Micro,inventory_intensive,525220.05
MSME145,Sri Sanitary & Hardware,Kavita Ansari,Hardware Store,Dehradun,Uttarakhand,21,45,6,26,7,7232406.17,Yes,No,0.0,428457.22,827981.82,Micro,rapidly_growing,137608.4
MSME146,Krishna Sarees,Zaira Patel,Textile Shop,Delhi,Delhi,2,33,9,30,7,19103981.69,Yes,Yes,165560.17,1309412.75,1686567.12,Micro,inventory_intensive,752158.05
MSME147,Om Sai Family Dhaba,Naveen Patel,Restaurant,Indore,Madhya Pradesh,8,40,8,30,29,13300775.76,Yes,Yes,239884.96,898980.03,1495569.89,Micro,debt_stressed,594188.0
MSME148,Bharat Sarees,Radha Verma,Textile Shop,Varanasi,Uttar Pradesh,18,57,5,30,5,13641670.41,Yes,Yes,132128.76,575403.41,1574903.28,Micro,rapidly_growing,305072.17
MSME149,Manoj Garments,Manoj Khan,Garment Store,Rajkot,Gujarat,22,33,3,30,10,10171038.83,Yes,Yes,115940.81,402475.54,1347241.22,Micro,recovery_phase,296838.05
MSME150,Om Sai Garments,Farhan Patel,Garment Store,Jodhpur,Rajasthan,6,61,7,28,15,14185794.23,Yes,Yes,214424.51,918841.57,899785.76,Micro,declining,318843.12
MSME151,Annapurna Offset Press,Lakshmi Mehta,Printing Press,Delhi,Delhi,10,56,7,25,5,10809900.12,Yes,Yes,184454.06,606330.12,893454.19,Micro,debt_stressed,334819.17
MSME152,Ritu Carriers,Ritu Gupta,Transport Service,Ludhiana,Punjab,5,46,4,28,5,5796142.24,Yes,Yes,69717.96,188521.62,301035.3,Micro,recovery_phase,252743.11
MSME153,Royal Electronics,Pooja Iyer,Electronics Shop,Warangal,Telangana,17,61,3,28,5,8467718.14,Yes,Yes,209906.12,591647.69,898491.33,Micro,high_emi,399838.87
MSME154,Star Medicals,Arun Gupta,Pharmacy,Patna,Bihar,18,54,5,26,41,11078256.38,Yes,Yes,82072.56,771059.35,792205.82,Micro,rapidly_growing,438673.37
MSME155,Krishna Bakery,Shweta Kumar,Bakery,Bengaluru,Karnataka,2,29,5,28,30,4043576.77,Yes,No,0.0,170084.19,217449.73,Micro,cash_heavy,110619.55
MSME156,Royal Mobile World,Amit Iyer,Mobile Shop,Kanpur,Uttar Pradesh,5,32,4,27,5,14276246.87,Yes,Yes,126464.63,915211.6,1377081.29,Micro,very_stable,569838.25
MSME157,Royal Tools,Amit Nair,Hardware Store,Nagpur,Maharashtra,21,51,4,27,9,10092446.44,Yes,Yes,176771.95,402019.62,1072586.85,Micro,declining,382438.94
MSME158,Royal Farm Supplies,Amit Pillai,Agriculture Supply,Patna,Bihar,17,40,3,26,5,6339778.23,Yes,No,0.0,279705.62,542532.17,Micro,rapidly_growing,278077.95
MSME159,Annapurna Industries,Deepak Patel,Manufacturing Unit,Bengaluru,Karnataka,18,30,5,26,5,20722969.28,Yes,Yes,145505.64,746058.44,2027990.28,Micro,inventory_intensive,688728.23
MSME160,Sri Cargo Movers,Kavita Patel,Logistics Company,Ludhiana,Punjab,13,53,7,25,5,18791199.99,Yes,Yes,152673.34,1321234.01,2482885.4,Micro,seasonal_festival,473344.98
MSME161,Suresh Apparels,Suresh Reddy,Garment Store,Lucknow,Uttar Pradesh,9,29,5,25,9,8001393.99,Yes,No,0.0,538882.43,856485.42,Micro,debt_stressed,336749.59
MSME162,Ganesh Fashions,Vikram Mehta,Garment Store,Patna,Bihar,2,56,7,26,9,8814456.88,Yes,Yes,233326.25,386969.88,939983.55,Micro,high_emi,145738.11
MSME163,Ganesh Confectionery,Shweta Singh,Bakery,Lucknow,Uttar Pradesh,12,51,5,30,43,6106197.02,Yes,No,0.0,299225.09,448683.96,Micro,cash_heavy,225257.57
MSME164,Iqbal Manufacturing,Iqbal Singh,Manufacturing Unit,Kolkata,West Bengal,15,46,6,28,5,28632907.52,Yes,Yes,240390.49,1189588.88,3028237.55,Micro,inventory_intensive,804236.51
MSME165,Balaji Garments,Shweta Jain,Garment Store,Jodhpur,Rajasthan,14,37,8,26,14,12088579.53,Yes,Yes,94005.85,796819.11,900917.74,Micro,inventory_intensive,523447.7
MSME166,Naveen Doodh Bhandar,Naveen Nair,Dairy,Madurai,Tamil Nadu,19,62,7,30,153,15420801.47,Yes,No,0.0,1157794.13,1612713.22,Micro,manufacturing_based,268134.31
MSME167,Ganesh Medicals,Ganesh Shah,Pharmacy,Guwahati,Assam,14,33,4,27,39,10350671.11,Yes,Yes,81080.47,707964.8,1194006.23,Micro,inventory_intensive,316670.01
MSME168,Sri Tools,Vikram Mukherjee,Hardware Store,Pune,Maharashtra,13,39,7,28,7,7940950.27,Yes,Yes,60484.45,327536.65,667348.93,Micro,digitally_driven,233007.91
MSME169,Dehradun Auto Garage,Naveen Menon,Automobile Workshop,Dehradun,Uttarakhand,2,38,7,26,5,11619174.06,Yes,Yes,275132.98,719253.06,623926.33,Micro,high_emi,249027.77
MSME170,Balaji Sanitary & Hardware,Rajesh Iyer,Hardware Store,Varanasi,Uttar Pradesh,21,42,3,28,10,11982945.74,Yes,Yes,101480.15,841011.27,1139235.38,Micro,digitally_driven,529969.34
MSME171,Om Sai Kirana,Lakshmi Jain,Grocery Store,Chennai,Tamil Nadu,7,37,2,28,42,6401964.77,Yes,Yes,66176.67,369364.89,358037.04,Micro,expansion_phase,212779.47
MSME172,New Fabrics,Meena Singh,Textile Shop,Ahmedabad,Gujarat,9,53,5,26,5,8857610.9,Yes,Yes,80978.94,641016.9,759862.73,Micro,cash_heavy,178569.92
MSME173,Annapurna Home Appliances,Vikram Khan,Electronics Shop,Ahmedabad,Gujarat,4,47,7,27,5,16221775.46,Yes,Yes,146903.93,1073132.05,1326087.96,Micro,seasonal_festival,300106.83
MSME174,Bharat Provisions,Pooja Iyer,Grocery Store,Kanpur,Uttar Pradesh,2,39,6,27,42,6650335.24,Yes,Yes,106583.87,468640.6,725579.57,Micro,declining,182079.28
MSME175,Royal Provisions,Ramesh Bansal,Grocery Store,Coimbatore,Tamil Nadu,11,50,6,28,46,7493816.03,Yes,Yes,88667.69,215184.09,834534.76,Micro,recovery_phase,290186.51
MSME176,Om Sai Auto Garage,Naveen Das,Automobile Workshop,Ludhiana,Punjab,8,35,4,30,5,5202189.95,Yes,No,0.0,284121.18,540231.44,Micro,declining,195459.13
MSME177,Ludhiana Medi Store,Karthik Verma,Pharmacy,Ludhiana,Punjab,11,33,2,28,25,7128085.88,Yes,No,0.0,432530.52,829271.46,Micro,declining,185744.72
MSME178,Om Sai Provisions,Pooja Mehta,Grocery Store,Thiruvananthapuram,Kerala,8,44,3,27,62,9713734.57,Yes,No,0.0,674977.81,599681.22,Micro,manufacturing_based,246096.02
MSME179,Sri Cafe,Farhan Verma,Cafe,Indore,Madhya Pradesh,17,28,3,30,35,7080103.44,Yes,No,0.0,302236.74,333558.14,Micro,service_based,184558.44
MSME180,Shree Textiles,Rajesh Das,Textile Shop,Surat,Gujarat,13,57,7,28,7,17033871.3,Yes,No,0.0,970675.53,2272454.75,Micro,declining,567239.48
MSME181,Sri Kitchen,Shweta Mehta,Restaurant,Rajkot,Gujarat,13,61,4,30,34,16233516.78,Yes,Yes,196324.32,731499.62,1068423.37,Micro,recovery_phase,595424.96
MSME182,Balaji Carriers,Karthik Jain,Transport Service,Chandigarh,Chandigarh,4,41,5,28,5,7756046.86,Yes,Yes,155737.11,265069.4,557011.73,Micro,debt_stressed,126313.01
MSME183,Royal Products,Neha Rao,Manufacturing Unit,Nagpur,Maharashtra,13,41,7,25,5,28299743.39,Yes,No,0.0,899797.44,3258225.3,Micro,seasonal_festival,1113376.99
MSME184,Shree Kitchen,Pooja Patel,Restaurant,Warangal,Telangana,7,35,6,30,18,9002618.05,Yes,Yes,76260.27,261432.83,814346.72,Micro,cash_heavy,218182.45
MSME185,Annapurna Farm Supplies,Anita Mehta,Agriculture Supply,Thiruvananthapuram,Kerala,13,56,5,27,7,11410225.35,Yes,Yes,123938.26,702963.95,1372133.81,Micro,expansion_phase,403528.84
MSME186,Balaji General Store,Divya Chaudhary,Grocery Store,Bhubaneswar,Odisha,19,35,3,26,68,9842726.05,Yes,Yes,107962.24,318682.17,894802.22,Micro,expansion_phase,401925.19
MSME187,Royal Garments,Radha Mehta,Garment Store,Bhubaneswar,Odisha,3,53,4,26,12,10656192.26,Yes,Yes,152447.53,377201.99,962870.52,Micro,declining,483875.1
MSME188,Ganesh Provisions,Naveen Patel,Grocery Store,Rajkot,Gujarat,6,35,5,30,35,5909919.97,Yes,Yes,56672.23,201497.1,372028.92,Micro,cash_heavy,182311.61
MSME189,Balaji Fabrics,Radha Patel,Textile Shop,Kochi,Kerala,21,58,4,28,5,10341405.21,Yes,Yes,95743.24,489333.44,599968.52,Micro,digitally_driven,328871.81
MSME190,Om Sai Printers,Sunita Reddy,Printing Press,Delhi,Delhi,8,32,5,28,5,6045836.95,Yes,Yes,50670.25,295583.14,249213.55,Micro,very_stable,221143.5
MSME191,New Restaurant,Meena Mehta,Restaurant,Kolkata,West Bengal,17,51,6,30,33,15855600.84,Yes,Yes,344505.79,1028367.4,1193663.98,Micro,high_emi,292540.5
MSME192,Krishna Provisions,Iqbal Iyer,Grocery Store,Jodhpur,Rajasthan,2,53,4,26,39,5775459.7,Yes,No,0.0,413047.78,624003.76,Micro,rapidly_growing,161661.26
MSME193,Bharat Furniture Works,Shweta Khan,Furniture Manufacturer,Surat,Gujarat,7,43,9,25,5,21608880.49,Yes,Yes,257871.36,1279200.9,1872366.74,Micro,recovery_phase,635989.44
MSME194,Om Sai Pharmacy,Farhan Shah,Pharmacy,Jaipur,Rajasthan,13,53,6,28,19,5532241.01,Yes,Yes,44892.7,233769.83,296721.09,Micro,inventory_intensive,191179.04
MSME195,Zaira Motors,Zaira Verma,Automobile Workshop,Bhopal,Madhya Pradesh,19,40,6,26,5,5809780.95,Yes,No,0.0,186131.7,629994.27,Micro,inventory_intensive,265103.61
MSME196,Annapurna Hotel,Lakshmi Mukherjee,Hotel,Chennai,Tamil Nadu,3,42,5,30,5,8514260.87,Yes,Yes,72870.32,284714.78,604977.42,Micro,expansion_phase,329907.46
MSME197,Neha Medicals,Neha Patel,Pharmacy,Mysuru,Karnataka,17,46,7,30,26,8058136.74,Yes,No,0.0,519070.44,419001.14,Micro,very_stable,154338.84
MSME198,New Krishi Kendra,Ritu Das,Agriculture Supply,Surat,Gujarat,2,47,5,25,10,14018570.62,Yes,Yes,151012.42,605168.52,805484.81,Micro,expansion_phase,370395.87
MSME199,Krishna Bakers,Shweta Patel,Bakery,Coimbatore,Tamil Nadu,2,43,1,28,32,4246647.95,Yes,Yes,59841.91,185618.3,398943.93,Micro,recovery_phase,124258.23
MSME200,Deepak Cargo Movers,Deepak Gupta,Logistics Company,Pune,Maharashtra,10,42,9,26,5,19070695.19,Yes,Yes,151250.18,899795.09,1357623.6,Micro,seasonal_festival,808763.25
MSME201,Royal Cafe,Farhan Jain,Cafe,Thiruvananthapuram,Kerala,17,53,2,30,19,3742230.91,Yes,Yes,70881.61,171118.32,301976.97,Micro,declining,129307.93
MSME202,Royal Mobiles,Anita Mehta,Mobile Shop,Kolkata,West Bengal,13,28,6,26,5,7857879.45,Yes,Yes,76072.84,571362.27,598571.86,Micro,expansion_phase,156586.06
MSME203,Balaji Medi Store,Radha Bose,Pharmacy,Chandigarh,Chandigarh,14,38,4,30,17,5160303.22,Yes,No,0.0,387928.17,505067.45,Micro,rapidly_growing,225196.84
MSME204,Royal Builders,Iqbal Rao,Construction Contractor,Varanasi,Uttar Pradesh,12,57,8,28,5,30313455.92,Yes,No,0.0,1059955.47,3086978.4,Micro,expansion_phase,1307843.66
MSME205,Shree Sarees,Ramesh Verma,Textile Shop,Kochi,Kerala,19,53,5,27,10,24501229.85,Yes,Yes,388413.46,1615517.69,2344879.51,Micro,declining,434289.22
MSME206,Ganesh Textiles,Vikram Patel,Textile Shop,Patna,Bihar,2,39,7,26,7,16005827.38,Yes,No,0.0,903448.28,1224141.22,Micro,rapidly_growing,590366.83
MSME207,Krishna Residency,Ramesh Pillai,Hotel,Kanpur,Uttar Pradesh,22,50,6,30,5,9832633.65,Yes,No,0.0,390958.74,510915.13,Micro,manufacturing_based,262682.99
MSME208,Shree Farm Supplies,Kavita Patel,Agriculture Supply,Bengaluru,Karnataka,13,44,8,26,8,12434511.54,Yes,Yes,255283.56,871151.95,967787.13,Micro,high_emi,553865.6
MSME209,Sri Mobile World,Ramesh Mehta,Mobile Shop,Madurai,Tamil Nadu,7,43,5,27,5,5479493.85,Yes,No,0.0,237873.7,457271.21,Micro,inventory_intensive,207825.66
MSME210,Star Auto Garage,Ritu Bansal,Automobile Workshop,Bhopal,Madhya Pradesh,19,60,4,27,5,6213521.69,Yes,Yes,46097.07,314746.63,325065.09,Micro,manufacturing_based,210237.71
MSME211,Annapurna Manufacturing,Deepak Das,Manufacturing Unit,Warangal,Telangana,18,49,4,25,5,14046418.26,Yes,Yes,371076.08,810308.54,1261144.47,Micro,high_emi,599787.48
MSME212,Krishna Coffee House,Naveen Das,Cafe,Nagpur,Maharashtra,2,59,4,30,25,5215417.66,Yes,Yes,47357.57,287834.42,250001.26,Micro,very_stable,199954.28
MSME213,Sri Family Dhaba,Pooja Bansal,Restaurant,Thiruvananthapuram,Kerala,20,57,4,30,29,14538882.16,Yes,No,0.0,823671.89,1389193.11,Micro,manufacturing_based,266251.96
MSME214,Balaji Wood Craft,Radha Iyer,Furniture Manufacturer,Coimbatore,Tamil Nadu,17,57,10,28,5,23752020.5,Yes,Yes,293129.5,1404200.61,1814664.56,Micro,recovery_phase,505585.43
MSME215,New Constructions,Farhan Chaudhary,Construction Contractor,Surat,Gujarat,10,59,7,30,5,26116845.37,Yes,Yes,645692.16,1402898.21,2685550.37,Micro,high_emi,1121953.88
MSME216,Om Sai Mobile World,Amit Reddy,Mobile Shop,Dehradun,Uttarakhand,15,36,5,26,5,8616651.31,Yes,Yes,182031.4,287030.5,781984.28,Micro,debt_stressed,249647.1
MSME217,Shree Hardware,Farhan Bose,Hardware Store,Mysuru,Karnataka,20,36,4,25,8,7766764.26,Yes,Yes,57354.51,398452.74,804471.07,Micro,service_based,248213.56
MSME218,Annapurna Medicals,Vikram Nair,Medical Shop,Kochi,Kerala,3,28,6,26,42,9543648.19,Yes,Yes,117844.24,685597.93,516611.12,Micro,recovery_phase,286740.74
MSME219,Sri General Store,Ayesha Mehta,Grocery Store,Lucknow,Uttar Pradesh,22,36,5,27,44,6410877.59,Yes,Yes,156133.55,389424.28,626628.34,Micro,high_emi,287086.78
MSME220,Ritu Restaurant,Ritu Reddy,Restaurant,Rajkot,Gujarat,12,58,4,30,23,11612117.98,Yes,No,0.0,437603.53,953685.22,Micro,very_stable,279276.34
MSME221,New Kitchen,Anita Bansal,Restaurant,Warangal,Telangana,3,55,2,30,14,6687735.03,Yes,Yes,59306.11,405680.5,321102.69,Micro,expansion_phase,268788.06
MSME222,Bhubaneswar Mobile World,Naveen Verma,Mobile Shop,Bhubaneswar,Odisha,8,38,2,30,5,6431877.35,Yes,No,0.0,200331.48,759190.34,Micro,digitally_driven,196702.62
MSME223,Sri Home Appliances,Kavita Reddy,Electronics Shop,Dehradun,Uttarakhand,19,61,3,28,5,8645532.32,Yes,No,0.0,305061.3,745672.97,Micro,very_stable,317079.49
MSME224,Om Sai Kitchen,Iqbal Chaudhary,Restaurant,Bengaluru,Karnataka,4,53,5,30,30,14394928.64,Yes,Yes,241574.81,632394.14,1548380.14,Micro,debt_stressed,499296.91
MSME225,Warangal Textiles,Arun Pillai,Textile Shop,Warangal,Telangana,17,56,4,27,7,15248252.66,Yes,Yes,144882.25,654824.56,1804421.73,Micro,rapidly_growing,467505.98
MSME226,New Doodh Bhandar,Rajesh Das,Dairy,Madurai,Tamil Nadu,2,54,4,30,92,8837469.43,Yes,Yes,115133.78,654175.25,1004559.88,Micro,recovery_phase,361476.1
MSME227,Balaji Home Appliances,Suresh Pillai,Electronics Shop,Bhopal,Madhya Pradesh,8,39,2,28,5,6480703.68,Yes,No,0.0,358312.89,468752.23,Micro,digitally_driven,169522.67
MSME228,Om Sai Motors,Deepak Jain,Automobile Workshop,Mumbai,Maharashtra,5,39,1,27,5,3586388.69,Yes,Yes,35262.91,121764.55,475337.82,Micro,expansion_phase,103869.81
MSME229,Krishna Telecom,Deepak Mehta,Mobile Shop,Indore,Madhya Pradesh,4,37,7,26,5,7412425.49,Yes,No,0.0,528277.11,1024708.26,Micro,digitally_driven,230150.92
MSME230,Royal Infra,Manoj Ansari,Construction Contractor,Ahmedabad,Gujarat,16,29,9,27,5,22259277.08,Yes,No,0.0,1189324.28,3016836.55,Micro,manufacturing_based,623159.19
MSME231,Vikram Krishi Kendra,Vikram Bose,Agriculture Supply,Bhubaneswar,Odisha,13,57,7,25,9,12884938.88,Yes,Yes,181694.9,414677.6,1240768.47,Micro,recovery_phase,253803.58
MSME232,Shree Products,Anita Reddy,Manufacturing Unit,Bengaluru,Karnataka,14,61,10,26,5,24970393.03,Yes,Yes,232264.38,967865.07,2095682.84,Micro,rapidly_growing,527893.77
MSME233,New Garments,Shweta Pillai,Garment Store,Chennai,Tamil Nadu,11,56,7,30,12,12330691.83,Yes,Yes,133254.34,805879.16,1568885.71,Micro,expansion_phase,232661.98
MSME234,Shree Medi Plus,Sunita Khan,Medical Shop,Varanasi,Uttar Pradesh,12,42,3,26,37,8292530.87,Yes,Yes,59637.28,347960.8,724385.66,Micro,cash_heavy,297619.31
MSME235,Royal Confectionery,Rajesh Pillai,Bakery,Thiruvananthapuram,Kerala,3,40,5,27,36,4541372.28,Yes,Yes,38758.35,262399.47,414463.97,Micro,cash_heavy,98587.87
MSME236,Kolkata Doodh Bhandar,Zaira Das,Dairy,Kolkata,West Bengal,4,34,6,30,139,14155666.4,Yes,No,0.0,1006915.38,595048.8,Micro,service_based,300650.1
MSME237,Zaira Kirana,Zaira Das,Grocery Store,Chandigarh,Chandigarh,2,51,6,26,69,10347908.15,Yes,Yes,71353.57,568292.33,1252449.53,Micro,inventory_intensive,169123.98
MSME238,Annapurna Textiles,Ramesh Patel,Textile Shop,Coimbatore,Tamil Nadu,7,35,5,25,5,8317549.81,Yes,Yes,179181.33,315937.96,668485.76,Micro,high_emi,170675.84
MSME239,Ludhiana Coffee House,Vikram Verma,Cafe,Ludhiana,Punjab,8,50,4,30,18,3543375.07,Yes,No,0.0,215682.85,212644.22,Micro,expansion_phase,82727.55
MSME240,Royal Kirana,Amit Pillai,Grocery Store,Jaipur,Rajasthan,17,58,4,28,57,8470703.37,Yes,Yes,74690.7,644086.97,1162727.8,Micro,service_based,207407.72
MSME241,Shree Motors,Iqbal Singh,Automobile Workshop,Warangal,Telangana,15,35,3,28,5,3937294.45,Yes,Yes,31039.14,119173.29,297635.4,Micro,cash_heavy,158756.65
MSME242,New General Store,Shweta Nair,Grocery Store,Patna,Bihar,7,35,3,27,60,9453250.37,Yes,No,0.0,511300.83,571836.59,Micro,service_based,280726.18
MSME243,Sri Pharmacy,Sunita Bose,Pharmacy,Pune,Maharashtra,17,33,6,26,49,12431607.23,Yes,No,0.0,398565.25,1363142.11,Micro,cash_heavy,436989.91
MSME244,Bengaluru Hardware,Ganesh Rao,Hardware Store,Bengaluru,Karnataka,5,35,3,30,5,6858728.16,Yes,Yes,147188.97,252455.48,903305.19,Micro,high_emi,247026.36
MSME245,Ganesh Kirana,Ganesh Pillai,Grocery Store,Kolkata,West Bengal,18,62,4,27,38,5488257.39,Yes,Yes,125971.45,426892.21,703041.54,Micro,high_emi,147970.88
MSME246,Annapurna Restaurant,Deepak Pillai,Restaurant,Kochi,Kerala,19,31,4,30,16,7855009.49,Yes,No,0.0,410384.86,530592.59,Micro,service_based,225915.4
MSME247,Kochi General Store,Neha Nair,Grocery Store,Kochi,Kerala,17,46,3,25,34,4958059.55,Yes,Yes,55702.44,250433.2,597579.1,Micro,recovery_phase,93055.27
MSME248,Ganesh Family Dhaba,Ritu Chaudhary,Restaurant,Jaipur,Rajasthan,2,41,6,30,18,8771569.13,Yes,Yes,69645.61,565265.15,936381.53,Micro,service_based,172008.41
MSME249,Sri Transport,Rajesh Khan,Transport Service,Guwahati,Assam,2,42,8,27,5,13416581.67,Yes,Yes,153159.73,736744.82,1642300.75,Micro,expansion_phase,345695.52
MSME250,Ahmedabad Mobile World,Naveen Mehta,Mobile Shop,Ahmedabad,Gujarat,13,60,4,30,5,10982477.87,Yes,Yes,106238.22,330914.13,479839.61,Micro,manufacturing_based,429323.06
MSME251,Om Sai Restaurant,Farhan Singh,Restaurant,Warangal,Telangana,13,48,6,30,16,7980645.0,Yes,Yes,138850.03,373949.74,799283.08,Micro,declining,131481.09
MSME252,Sunita Infra,Sunita Rao,Construction Contractor,Mumbai,Maharashtra,10,39,6,27,5,14096101.62,Yes,Yes,395400.97,433207.19,1283559.68,Micro,high_emi,322084.25
MSME253,Annapurna Provisions,Suresh Verma,Grocery Store,Bhubaneswar,Odisha,7,49,5,25,59,8660192.96,Yes,Yes,70190.81,389751.47,965049.06,Micro,digitally_driven,146328.76
MSME254,Om Sai Residency,Suresh Kumar,Hotel,Surat,Gujarat,2,59,5,30,5,14440103.32,Yes,Yes,105347.1,859548.44,1629721.94,Micro,digitally_driven,563078.05
MSME255,Shree Sanitary & Hardware,Sanjay Gupta,Hardware Store,Ahmedabad,Gujarat,15,31,6,25,5,5260321.55,Yes,No,0.0,182378.76,599535.01,Micro,digitally_driven,104970.79
MSME256,Om Sai Fashions,Manoj Mehta,Garment Store,Delhi,Delhi,11,48,6,26,13,12000704.68,Yes,Yes,209404.3,657528.3,1326235.53,Micro,debt_stressed,278496.13
MSME257,Ganesh Sarees,Ritu Khan,Textile Shop,Pune,Maharashtra,4,51,9,27,8,17830623.13,Yes,Yes,131470.62,895009.06,1337082.99,Micro,rapidly_growing,678819.51
MSME258,Rajkot Confectionery,Zaira Ansari,Bakery,Rajkot,Gujarat,13,60,3,25,26,3140973.26,No,Yes,27610.79,110056.66,349974.85,Micro,very_stable,88517.42
MSME259,Krishna Builders,Ramesh Das,Construction Contractor,Jaipur,Rajasthan,8,55,7,28,5,12434227.61,Yes,Yes,94250.33,399503.47,1536980.19,Micro,seasonal_festival,363352.89
MSME260,Star Medi Plus,Priya Iyer,Medical Shop,Thiruvananthapuram,Kerala,8,42,5,30,25,6624472.16,Yes,No,0.0,490537.94,580592.61,Micro,very_stable,195281.25
MSME261,Om Sai Dairy,Vikram Reddy,Dairy,Varanasi,Uttar Pradesh,12,62,3,30,73,7527212.58,Yes,Yes,96003.5,225014.7,911039.82,Micro,recovery_phase,128814.23
MSME262,Balaji Constructions,Ramesh Das,Construction Contractor,Ludhiana,Punjab,19,42,6,25,5,12131196.07,Yes,No,0.0,702390.39,945130.3,Micro,rapidly_growing,506275.52
MSME263,Annapurna Garments,Lakshmi Khan,Garment Store,Surat,Gujarat,2,56,6,30,8,8967569.38,Yes,Yes,66516.1,256874.63,872892.03,Micro,manufacturing_based,208696.57
MSME264,Rajesh Fabrics,Rajesh Reddy,Textile Shop,Bengaluru,Karnataka,16,41,4,26,5,12707007.06,Yes,Yes,94172.75,801670.16,869196.07,Micro,very_stable,510069.25
MSME265,New Lodge,Ritu Nair,Hotel,Mysuru,Karnataka,14,60,7,30,5,16028257.26,Yes,Yes,137504.44,514481.89,1355806.4,Micro,rapidly_growing,391489.39
MSME266,New Milk Products,Pooja Rao,Dairy,Nagpur,Maharashtra,15,57,3,30,91,9012406.37,Yes,No,0.0,367086.65,556342.39,Micro,declining,339478.88
MSME267,Om Sai Telecom,Priya Nair,Mobile Shop,Bengaluru,Karnataka,20,59,3,25,5,6091632.76,Yes,Yes,77363.57,439024.18,393156.43,Micro,recovery_phase,267406.9
MSME268,Shree Pharmacy,Lakshmi Bansal,Pharmacy,Hyderabad,Telangana,2,61,4,30,35,10903225.67,Yes,Yes,206349.98,634217.62,915927.7,Micro,debt_stressed,384503.22
MSME269,Om Sai Interiors,Divya Khan,Furniture Manufacturer,Pune,Maharashtra,21,61,7,26,5,21429594.22,Yes,No,0.0,1209849.04,2497310.36,Micro,service_based,479243.16
MSME270,Sri Health Care,Neha Shah,Medical Shop,Dehradun,Uttarakhand,22,55,6,26,27,6134081.47,Yes,No,0.0,426780.19,745013.61,Micro,digitally_driven,202818.74
MSME271,Om Sai General Store,Zaira Rao,Grocery Store,Pune,Maharashtra,22,36,5,27,50,7839863.23,Yes,No,0.0,544768.67,904429.2,Micro,declining,295227.38
MSME272,New Telecom,Shweta Khan,Mobile Shop,Thiruvananthapuram,Kerala,16,55,7,27,5,8062743.63,Yes,Yes,67654.6,526354.33,711632.12,Micro,seasonal_festival,231335.1
MSME273,Arun Restaurant,Arun Singh,Restaurant,Mysuru,Karnataka,20,52,5,30,16,7615330.42,Yes,Yes,68135.8,284002.33,719235.8,Micro,manufacturing_based,170814.14
MSME274,Deepak Agri Centre,Deepak Bansal,Agriculture Supply,Pune,Maharashtra,18,59,8,28,10,15799894.4,Yes,Yes,134990.96,547815.26,1765034.09,Micro,very_stable,474621.52
MSME275,New Kirana,Neha Khan,Grocery Store,Thiruvananthapuram,Kerala,17,52,5,28,48,7550140.14,Yes,No,0.0,429413.32,631393.07,Micro,seasonal_festival,221821.4
MSME276,Patna Sarees,Manoj Reddy,Textile Shop,Patna,Bihar,7,59,5,27,8,17935220.61,Yes,No,0.0,1264911.43,868052.41,Micro,very_stable,640316.27
MSME277,Annapurna Motors,Amit Menon,Automobile Workshop,Madurai,Tamil Nadu,12,37,6,30,5,10315080.02,Yes,No,0.0,574063.31,1043206.52,Micro,very_stable,422223.22
MSME278,Suresh Transport,Suresh Rao,Transport Service,Chennai,Tamil Nadu,19,61,3,27,5,10819644.79,Yes,Yes,100827.33,464868.15,889777.05,Micro,very_stable,260113.07
MSME279,Thiruvananthapuram Infra,Suresh Das,Construction Contractor,Thiruvananthapuram,Kerala,10,61,8,26,5,17827150.33,Yes,Yes,366578.19,1025591.17,1763572.37,Micro,high_emi,631074.43
MSME280,Indore Builders,Lakshmi Gupta,Construction Contractor,Indore,Madhya Pradesh,7,38,7,30,5,19222277.94,Yes,No,0.0,1331481.66,1364130.45,Micro,manufacturing_based,516816.87
MSME281,Star Family Dhaba,Pooja Kumar,Restaurant,Jaipur,Rajasthan,9,60,8,30,30,14585833.41,Yes,Yes,125613.74,527324.9,630272.17,Micro,cash_heavy,296084.32
MSME282,Balaji Mobiles,Lakshmi Kumar,Mobile Shop,Dehradun,Uttarakhand,2,45,2,28,5,7229650.09,Yes,Yes,60739.87,250758.55,688693.49,Micro,very_stable,323578.55
MSME283,Chandigarh Kirana,Pooja Ansari,Grocery Store,Chandigarh,Chandigarh,7,53,2,25,44,5897370.88,Yes,No,0.0,271355.03,687263.06,Micro,manufacturing_based,132117.9
MSME284,Krishna Bistro,Sanjay Mukherjee,Cafe,Ludhiana,Punjab,8,34,3,30,28,5457051.28,Yes,Yes,110205.18,364582.77,663461.87,Micro,high_emi,217467.04
MSME285,Iqbal Residency,Iqbal Verma,Hotel,Bhopal,Madhya Pradesh,14,29,4,30,5,11304409.08,Yes,Yes,142090.07,407094.98,845546.45,Micro,recovery_phase,349214.2
MSME286,Balaji Fashions,Deepak Menon,Garment Store,Kolkata,West Bengal,2,30,6,28,14,14009854.94,Yes,Yes,105967.63,450964.4,938298.82,Micro,inventory_intensive,263042.38
MSME287,New Pharmacy,Ganesh Pillai,Pharmacy,Kolkata,West Bengal,10,62,3,27,40,10876581.67,Yes,Yes,79958.88,570791.18,968791.21,Micro,very_stable,331012.09
MSME288,Meena General Store,Meena Menon,Grocery Store,Mysuru,Karnataka,3,39,3,27,62,8978160.22,Yes,No,0.0,621919.74,440942.62,Micro,very_stable,231213.21
MSME289,New Digital World,Karthik Mehta,Electronics Shop,Rajkot,Gujarat,18,61,6,27,5,14685280.96,Yes,Yes,146338.5,897391.14,1239594.65,Micro,cash_heavy,501653.46
MSME290,Kavita Agri Centre,Kavita Nair,Agriculture Supply,Patna,Bihar,6,32,5,27,9,12628358.94,Yes,Yes,102072.3,711130.74,731130.25,Micro,seasonal_festival,524158.12
MSME291,Balaji Apparels,Ganesh Mukherjee,Garment Store,Kanpur,Uttar Pradesh,7,39,3,30,6,6356829.74,Yes,Yes,113739.6,329069.5,425874.84,Micro,debt_stressed,142151.75
MSME292,Bharat General Store,Meena Reddy,Grocery Store,Patna,Bihar,5,45,3,27,65,9677952.35,Yes,Yes,92947.3,591007.28,698583.45,Micro,service_based,172584.71
MSME293,New Apparels,Zaira Kumar,Garment Store,Thiruvananthapuram,Kerala,10,38,2,27,8,7272016.09,Yes,Yes,70710.39,264915.86,768049.9,Micro,manufacturing_based,331606.62
MSME294,Sri Textiles,Ayesha Verma,Textile Shop,Patna,Bihar,4,35,7,27,5,10587153.5,Yes,No,0.0,716201.61,546531.66,Micro,very_stable,214201.04
MSME295,Balaji Milk Products,Radha Verma,Dairy,Warangal,Telangana,12,38,7,30,98,9555931.51,Yes,Yes,75743.01,335505.06,1030356.69,Micro,seasonal_festival,181855.34
MSME296,Royal Home Appliances,Manoj Khan,Electronics Shop,Chandigarh,Chandigarh,8,51,9,28,5,18586282.17,Yes,Yes,291545.17,595857.34,2458583.09,Micro,declining,620667.9
MSME297,Bharat Coffee House,Amit Chaudhary,Cafe,Bhubaneswar,Odisha,5,62,6,30,42,8193529.91,Yes,No,0.0,273649.94,462280.91,Micro,digitally_driven,215351.05
MSME298,Royal Doodh Bhandar,Neha Verma,Dairy,Dehradun,Uttarakhand,2,30,5,30,59,5962823.19,Yes,No,0.0,308638.97,633779.24,Micro,inventory_intensive,153254.5
MSME299,Royal Medi Plus,Pooja Shah,Medical Shop,Warangal,Telangana,18,50,3,27,19,4361579.45,Yes,No,0.0,327746.61,540400.75,Micro,cash_heavy,149289.77
MSME300,Sri Constructions,Deepak Bansal,Construction Contractor,Mysuru,Karnataka,21,61,7,27,5,13332217.76,Yes,Yes,198620.66,638100.76,838463.0,Micro,declining,351689.66
MSME301,Star Freight Services,Shweta Bose,Logistics Company,Bhopal,Madhya Pradesh,3,31,7,28,5,8309469.24,Yes,Yes,180804.34,495438.8,657181.21,Micro,high_emi,352656.2
MSME302,Sri Kirana,Divya Bansal,Grocery Store,Mumbai,Maharashtra,7,59,2,26,43,6061167.96,Yes,Yes,107975.98,412037.26,662486.85,Micro,debt_stressed,231040.95
MSME303,New Roadways,Priya Khan,Transport Service,Patna,Bihar,18,46,2,25,5,5568656.14,Yes,Yes,69069.96,230383.57,243321.56,Micro,recovery_phase,112724.54
MSME304,Pooja Medicals,Pooja Shah,Pharmacy,Jodhpur,Rajasthan,8,33,6,30,18,5829212.33,Yes,Yes,39962.04,355418.49,718549.64,Micro,digitally_driven,147510.36
MSME305,Sri Farm Supplies,Karthik Nair,Agriculture Supply,Surat,Gujarat,8,36,7,26,11,15727354.74,Yes,Yes,169750.2,955911.17,1437224.63,Micro,recovery_phase,681489.67
MSME306,Sri Confectionery,Kavita Shah,Bakery,Dehradun,Uttarakhand,3,44,2,26,46,5528266.98,Yes,Yes,51598.31,275799.45,451880.92,Micro,expansion_phase,96634.19
MSME307,Royal Offset Press,Rajesh Verma,Printing Press,Coimbatore,Tamil Nadu,19,40,3,28,5,7610860.98,Yes,Yes,70444.8,251760.08,571653.12,Micro,cash_heavy,219867.47
MSME308,Sri Provisions,Naveen Pillai,Grocery Store,Jodhpur,Rajasthan,16,34,3,25,60,8105011.94,Yes,No,0.0,465577.83,408749.32,Micro,rapidly_growing,146905.25
MSME309,New Hotel,Lakshmi Mukherjee,Hotel,Mumbai,Maharashtra,13,55,8,30,6,18165164.8,Yes,No,0.0,978155.66,1687209.51,Micro,digitally_driven,496183.26
MSME310,Bharat Bakery,Naveen Pillai,Bakery,Mysuru,Karnataka,14,43,6,25,52,6201510.36,Yes,Yes,61189.27,444090.52,575443.33,Micro,expansion_phase,278794.54
MSME311,Sri Hardware,Sanjay Bose,Hardware Store,Thiruvananthapuram,Kerala,13,59,5,30,5,5424611.15,Yes,No,0.0,273247.05,477002.42,Micro,digitally_driven,122231.5
MSME312,Om Sai Digital World,Amit Khan,Electronics Shop,Lucknow,Uttar Pradesh,18,31,7,25,5,17322928.54,Yes,Yes,401961.9,1256452.21,1534539.36,Micro,high_emi,511928.21
MSME313,Ahmedabad Kirana,Kavita Patel,Grocery Store,Ahmedabad,Gujarat,14,52,6,28,45,7062728.02,Yes,No,0.0,500219.26,340877.93,Micro,digitally_driven,189914.74
MSME314,Vikram Farm Supplies,Vikram Das,Agriculture Supply,Bengaluru,Karnataka,2,44,6,27,5,8038263.68,Yes,Yes,124145.45,405027.21,562711.95,Micro,debt_stressed,221205.4
MSME315,Ganesh General Store,Ramesh Das,Grocery Store,Surat,Gujarat,17,29,2,27,36,5523077.69,Yes,Yes,48902.09,236706.8,634344.63,Micro,manufacturing_based,155280.39
MSME316,Bengaluru Medi Store,Ganesh Mehta,Pharmacy,Bengaluru,Karnataka,18,43,7,26,47,11718394.69,Yes,Yes,101829.43,835993.84,1078407.41,Micro,very_stable,278644.12
MSME317,Om Sai Digital Press,Ganesh Ansari,Printing Press,Lucknow,Uttar Pradesh,12,45,6,26,5,5193262.91,Yes,Yes,37645.86,233690.66,222189.34,Micro,service_based,141836.5
MSME318,New Offset Press,Zaira Rao,Printing Press,Chandigarh,Chandigarh,9,50,6,26,5,6959163.76,Yes,Yes,84809.69,392916.43,777640.66,Micro,recovery_phase,193454.74
MSME319,Balaji Confectionery,Ramesh Sharma,Bakery,Kochi,Kerala,10,30,1,28,24,3224596.65,Yes,No,0.0,154445.22,272979.32,Micro,inventory_intensive,142017.36
MSME320,Om Sai Textiles,Deepak Kumar,Textile Shop,Kanpur,Uttar Pradesh,14,45,8,30,5,12375660.99,Yes,Yes,88508.11,604132.94,622892.01,Micro,service_based,380201.16
MSME321,Bharat Fabrics,Pooja Jain,Textile Shop,Chandigarh,Chandigarh,20,54,7,28,5,12061906.11,Yes,Yes,90417.86,387589.25,996756.1,Micro,rapidly_growing,334855.01
MSME322,Shree Infra,Sanjay Khan,Construction Contractor,Guwahati,Assam,17,32,8,26,5,24464382.94,Yes,No,0.0,1231867.94,3137963.37,Micro,declining,543957.1
MSME323,Annapurna Krishi Kendra,Divya Verma,Agriculture Supply,Bengaluru,Karnataka,7,47,5,30,9,14561634.06,Yes,Yes,265861.09,634492.1,1521537.86,Micro,declining,356411.13
MSME324,Sri Roadways,Sanjay Khan,Transport Service,Indore,Madhya Pradesh,22,57,8,30,5,13389019.45,Yes,Yes,233061.59,507792.0,826711.08,Micro,debt_stressed,464052.17
MSME325,Bharat Medi Store,Iqbal Sharma,Pharmacy,Indore,Madhya Pradesh,12,62,3,27,29,8386735.97,Yes,Yes,58643.85,341947.79,549324.74,Micro,rapidly_growing,247542.16
MSME326,Star Mobiles,Vikram Kumar,Mobile Shop,Delhi,Delhi,3,38,6,30,5,7838326.78,Yes,No,0.0,393693.5,754334.46,Micro,declining,313868.3
MSME327,Bharat Constructions,Meena Pillai,Construction Contractor,Bhopal,Madhya Pradesh,2,50,7,25,5,27283799.53,Yes,Yes,199463.94,1190078.48,2682424.72,Micro,very_stable,945211.4
MSME328,Krishna Printers,Kavita Chaudhary,Printing Press,Delhi,Delhi,11,53,6,27,5,8347158.91,Yes,Yes,160064.69,432200.11,575789.51,Micro,debt_stressed,248196.7
MSME329,Balaji Cargo Movers,Arun Patel,Logistics Company,Nagpur,Maharashtra,4,48,9,25,5,25852827.79,Yes,Yes,473903.29,770509.69,1391290.88,Micro,debt_stressed,639900.59
MSME330,Mumbai Lodge,Deepak Sharma,Hotel,Mumbai,Maharashtra,10,45,7,30,5,17612918.52,Yes,Yes,127267.11,661055.9,1998286.23,Micro,rapidly_growing,558078.49
MSME331,Sri Furniture Works,Amit Jain,Furniture Manufacturer,Bhopal,Madhya Pradesh,8,41,6,25,5,22163120.02,Yes,No,0.0,725558.92,2520266.8,Micro,rapidly_growing,488574.57
MSME332,Royal Bistro,Ganesh Mukherjee,Cafe,Patna,Bihar,7,54,2,30,24,4860506.89,Yes,Yes,40074.69,195843.4,611619.3,Micro,inventory_intensive,204821.97
MSME333,Shree Kirana,Ganesh Das,Grocery Store,Chandigarh,Chandigarh,6,53,3,28,33,5160403.61,Yes,Yes,43879.26,303494.12,673051.22,Micro,very_stable,219376.98
MSME334,Ganesh Electronics,Ganesh Das,Electronics Shop,Kochi,Kerala,3,30,4,27,5,13719094.68,Yes,Yes,315809.19,794356.94,1747098.88,Micro,high_emi,517139.29
MSME335,Madurai Kirana,Manoj Mukherjee,Grocery Store,Madurai,Tamil Nadu,20,32,5,25,48,6821246.56,Yes,Yes,53511.8,417361.01,453112.69,Micro,rapidly_growing,177095.4
MSME336,Zaira General Store,Zaira Pillai,Grocery Store,Lucknow,Uttar Pradesh,10,61,3,28,64,10081448.68,Yes,Yes,203638.07,465279.19,683702.98,Micro,high_emi,327932.59
MSME337,Royal Sarees,Pooja Sharma,Textile Shop,Hyderabad,Telangana,6,57,5,25,5,11162480.25,Yes,Yes,95302.41,809737.99,704397.47,Micro,very_stable,364059.3
MSME338,Sri Hotel,Kavita Bose,Hotel,Ahmedabad,Gujarat,7,54,6,30,5,12946867.85,Yes,Yes,338266.9,429402.18,1129379.05,Micro,high_emi,324351.28
MSME339,Royal Apparels,Sunita Gupta,Garment Store,Lucknow,Uttar Pradesh,13,37,2,25,6,5929409.68,Yes,Yes,111367.5,304156.72,336891.35,Micro,debt_stressed,102013.67
MSME340,Zaira Family Dhaba,Zaira Singh,Restaurant,Ahmedabad,Gujarat,21,59,5,30,32,15431165.63,Yes,Yes,126106.38,901108.19,1145779.94,Micro,seasonal_festival,399441.31
MSME341,Royal Freight Services,Radha Ansari,Logistics Company,Coimbatore,Tamil Nadu,5,31,9,27,5,21194102.28,Yes,Yes,198886.93,744619.29,2017668.27,Micro,seasonal_festival,471311.12
MSME342,Royal Textiles,Sanjay Pillai,Textile Shop,Mumbai,Maharashtra,14,36,3,30,5,7611939.7,Yes,Yes,89194.27,382992.92,516217.98,Micro,expansion_phase,318314.8
MSME343,Star Cafe,Divya Sharma,Cafe,Guwahati,Assam,7,50,3,30,39,7781841.88,Yes,Yes,152046.91,567771.03,632762.36,Micro,high_emi,153701.08
MSME344,Royal Dairy,Ritu Das,Dairy,Lucknow,Uttar Pradesh,14,40,7,30,94,9235653.32,Yes,Yes,84002.15,355347.38,548403.72,Micro,expansion_phase,357641.03
MSME345,Royal Roadways,Lakshmi Kumar,Transport Service,Jaipur,Rajasthan,15,41,5,27,5,9305301.54,Yes,Yes,116120.86,522306.04,983877.4,Micro,recovery_phase,385998.42
MSME346,Star Pharmacy,Ganesh Menon,Pharmacy,Coimbatore,Tamil Nadu,22,37,5,27,23,6559314.3,Yes,Yes,51350.01,231237.49,511050.96,Micro,very_stable,200469.13
MSME347,Shree Fabrics,Ganesh Kumar,Textile Shop,Hyderabad,Telangana,7,29,5,26,5,8677396.52,Yes,No,0.0,434618.21,508863.48,Micro,rapidly_growing,352293.53
MSME348,Om Sai Coffee House,Divya Iyer,Cafe,Bhopal,Madhya Pradesh,14,29,3,30,23,4632504.96,Yes,No,0.0,299108.78,395809.47,Micro,service_based,173216.13
MSME349,Star Garments,Arun Gupta,Garment Store,Rajkot,Gujarat,2,49,3,30,7,7551923.11,Yes,Yes,141614.41,549306.0,840691.26,Micro,debt_stressed,282083.04
MSME350,Balaji Textiles,Kavita Menon,Textile Shop,Kochi,Kerala,17,44,8,28,7,18161124.49,Yes,Yes,222474.78,764946.97,1461513.57,Micro,recovery_phase,452648.3
MSME351,Bengaluru General Store,Anita Reddy,Grocery Store,Bengaluru,Karnataka,10,30,5,28,41,6629614.32,Yes,Yes,165141.57,285505.22,274853.21,Micro,high_emi,129324.4
MSME352,Annapurna Fashions,Karthik Nair,Garment Store,Madurai,Tamil Nadu,16,45,8,28,15,14619076.83,Yes,No,0.0,1035507.82,883416.25,Micro,declining,525900.95
MSME353,Ganesh Hardware,Sanjay Ansari,Hardware Store,Coimbatore,Tamil Nadu,11,51,5,27,8,8560130.65,Yes,Yes,71969.0,601820.77,425679.25,Micro,service_based,157648.23
MSME354,Star Sanitary & Hardware,Vikram Bansal,Hardware Store,Guwahati,Assam,3,42,6,30,7,8750035.12,Yes,Yes,84647.84,562816.1,1089381.96,Micro,cash_heavy,332776.24
MSME355,Delhi Logistics,Ramesh Nair,Logistics Company,Delhi,Delhi,12,31,5,27,5,11264980.42,Yes,No,0.0,503411.42,470390.48,Micro,very_stable,221571.97
MSME356,Anita Grocery Store #356,Anita Menon,Grocery Store,Jodhpur,Rajasthan,22,48,6,28,36,5934366.39,Yes,Yes,49195.9,189201.72,577587.22,Micro,digitally_driven,124965.55
MSME357,Warangal General Store,Ramesh Singh,Grocery Store,Warangal,Telangana,22,53,4,30,30,4806151.89,Yes,Yes,36993.76,254173.3,578760.77,Micro,very_stable,131081.32
MSME358,Annapurna Family Dhaba,Naveen Gupta,Restaurant,Varanasi,Uttar Pradesh,20,28,4,30,23,11307261.98,Yes,Yes,105122.12,739347.17,1357282.51,Micro,expansion_phase,478316.08
MSME359,Sri Bakery,Ayesha Nair,Bakery,Kolkata,West Bengal,22,42,5,30,28,4085374.42,Yes,Yes,34982.12,145226.67,523172.38,Micro,rapidly_growing,138849.05
MSME360,Ganesh Offset Press,Anita Reddy,Printing Press,Lucknow,Uttar Pradesh,16,42,6,30,5,4871624.09,Yes,Yes,72839.53,342390.99,618565.33,Micro,declining,191626.59
MSME361,Annapurna Pharmacy,Zaira Reddy,Pharmacy,Bhopal,Madhya Pradesh,9,32,6,25,49,12106846.6,Yes,Yes,255789.68,774702.34,878276.12,Micro,debt_stressed,551785.97
MSME362,Delhi Bistro,Arun Khan,Cafe,Delhi,Delhi,16,37,7,30,42,7943233.34,Yes,Yes,90057.94,611133.16,981493.09,Micro,expansion_phase,216169.86
MSME363,Bharat Tools,Sunita Reddy,Hardware Store,Kolkata,West Bengal,5,36,4,27,7,7686549.78,Yes,No,0.0,510037.63,931228.27,Micro,digitally_driven,231052.66
MSME364,Shree Service Point,Karthik Patel,Automobile Workshop,Bengaluru,Karnataka,4,62,3,27,5,7002361.64,Yes,Yes,64436.28,396499.31,627053.84,Micro,manufacturing_based,253936.55
MSME365,New Freight Services,Karthik Shah,Logistics Company,Mumbai,Maharashtra,2,32,7,25,5,26617668.21,Yes,Yes,626961.21,896286.8,2186189.43,Micro,high_emi,1143075.59
MSME366,Om Sai Medi Store,Priya Ansari,Pharmacy,Bengaluru,Karnataka,12,47,6,26,46,12362001.08,Yes,Yes,179330.94,747803.74,643259.35,Micro,declining,394715.31
MSME367,Bharat Apparels,Naveen Singh,Garment Store,Indore,Madhya Pradesh,3,30,4,27,8,7385478.32,Yes,No,0.0,575602.45,501001.64,Micro,cash_heavy,351986.51
MSME368,Bharat Electronics,Ritu Iyer,Electronics Shop,Madurai,Tamil Nadu,8,46,7,25,5,18373804.14,Yes,Yes,446990.33,890545.27,1130483.77,Micro,high_emi,457440.27
MSME369,Bharat Bistro,Ayesha Verma,Cafe,Guwahati,Assam,4,30,5,30,22,4300490.46,Yes,No,0.0,250622.63,198991.76,Micro,seasonal_festival,104972.14
MSME370,Star Products,Naveen Verma,Manufacturing Unit,Lucknow,Uttar Pradesh,19,40,6,27,5,27677923.23,Yes,Yes,219578.88,1008304.12,1655235.46,Micro,seasonal_festival,846541.17
MSME371,Warangal Bakers,Manoj Jain,Bakery,Warangal,Telangana,20,55,1,27,17,2140172.6,Yes,No,0.0,95067.09,275384.52,Micro,rapidly_growing,83644.89
MSME372,Star Home Appliances,Ganesh Mehta,Electronics Shop,Ahmedabad,Gujarat,8,28,5,26,5,5977464.72,Yes,No,0.0,201167.82,725426.71,Micro,service_based,138404.66
MSME373,Sri Medicals,Suresh Menon,Medical Shop,Madurai,Tamil Nadu,16,46,3,25,38,8176151.17,Yes,Yes,68758.28,441548.68,581711.04,Micro,inventory_intensive,162033.0
MSME374,Bharat Textiles,Manoj Reddy,Textile Shop,Delhi,Delhi,19,43,8,26,8,19173994.67,Yes,Yes,141020.45,651131.96,1120551.65,Micro,seasonal_festival,634137.41
MSME375,Jaipur Garments,Amit Kumar,Garment Store,Jaipur,Rajasthan,19,50,7,27,9,8324466.58,Yes,Yes,63213.03,488854.1,627070.76,Micro,very_stable,232600.88
MSME376,Shree Hotel,Sanjay Chaudhary,Hotel,Bhopal,Madhya Pradesh,15,50,6,30,5,10765904.64,Yes,Yes,95190.93,479244.48,673011.24,Micro,inventory_intensive,305191.99
MSME377,Royal Fashions,Neha Das,Garment Store,Ludhiana,Punjab,13,52,4,28,12,11897952.42,Yes,Yes,223873.87,461536.29,946322.24,Micro,debt_stressed,405764.6
MSME378,New Motors,Radha Rao,Automobile Workshop,Thiruvananthapuram,Kerala,14,44,6,30,5,4522833.48,Yes,Yes,68840.33,239055.87,548237.76,Micro,declining,171816.35
MSME379,Annapurna Carriers,Kavita Iyer,Transport Service,Warangal,Telangana,18,57,7,30,5,13481758.16,Yes,Yes,108227.73,882284.22,1564141.73,Micro,cash_heavy,388857.22
MSME380,Balaji Kitchen,Arun Nair,Restaurant,Ludhiana,Punjab,20,29,6,30,14,6300866.61,Yes,Yes,104503.38,317524.19,521468.22,Micro,debt_stressed,188852.57
MSME381,New Mobile World,Pooja Singh,Mobile Shop,Varanasi,Uttar Pradesh,21,55,4,28,5,13305201.65,Yes,Yes,274260.73,906131.8,1415419.32,Micro,high_emi,265212.94
MSME382,Radha Infra,Radha Bansal,Construction Contractor,Mumbai,Maharashtra,4,32,9,26,5,25019957.06,Yes,Yes,269659.12,1153524.76,1097329.11,Micro,expansion_phase,1080701.23
MSME383,Annapurna Printers,Suresh Gupta,Printing Press,Kolkata,West Bengal,5,43,3,28,5,9597289.11,Yes,Yes,84456.36,486224.36,757295.96,Micro,seasonal_festival,273070.14
MSME384,Neha Confectionery,Neha Bansal,Bakery,Chennai,Tamil Nadu,3,54,5,28,43,5776980.98,Yes,Yes,50144.48,368627.98,270813.33,Micro,service_based,246842.92
MSME385,Shree Offset Press,Pooja Sharma,Printing Press,Ahmedabad,Gujarat,8,60,3,27,5,10397411.75,Yes,No,0.0,623348.99,748669.17,Micro,service_based,312354.59
MSME386,Krishna Fashions,Radha Khan,Garment Store,Coimbatore,Tamil Nadu,22,47,4,28,14,13167771.12,Yes,No,0.0,963238.84,1413406.6,Micro,cash_heavy,454752.61
MSME387,Shree Fashions,Anita Chaudhary,Garment Store,Lucknow,Uttar Pradesh,11,32,2,25,6,5490952.02,Yes,Yes,49764.23,401964.16,359088.23,Micro,seasonal_festival,113483.32
MSME388,Karthik Motors,Karthik Patel,Automobile Workshop,Bengaluru,Karnataka,17,30,2,26,5,4627348.41,Yes,Yes,79791.75,341309.66,502564.01,Micro,debt_stressed,176362.23
MSME389,Ganesh Restaurant,Sanjay Bose,Restaurant,Kanpur,Uttar Pradesh,9,39,6,30,17,8735581.39,Yes,Yes,81869.05,460072.59,829105.44,Micro,expansion_phase,298417.16
MSME390,Star Doodh Bhandar,Naveen Bose,Dairy,Bhubaneswar,Odisha,5,51,3,30,114,11618925.41,Yes,Yes,105078.76,533468.42,528468.21,Micro,digitally_driven,287730.25
MSME391,Bharat Manufacturing,Pooja Singh,Manufacturing Unit,Kolkata,West Bengal,5,42,8,28,5,20644629.01,Yes,No,0.0,772677.92,856029.26,Micro,inventory_intensive,534278.06
MSME392,Star Constructions,Karthik Mukherjee,Construction Contractor,Nagpur,Maharashtra,2,58,10,27,5,30952611.74,Yes,Yes,260424.64,1110082.93,1649936.7,Micro,inventory_intensive,516057.75
MSME393,Star Bakery,Pooja Kumar,Bakery,Kanpur,Uttar Pradesh,17,52,2,27,48,6151772.5,Yes,Yes,100119.39,198173.76,804020.4,Micro,declining,266794.38
MSME394,Pooja Restaurant,Pooja Ansari,Restaurant,Warangal,Telangana,10,49,5,30,32,15919120.37,Yes,Yes,254280.72,966709.83,790824.09,Micro,declining,421394.78
MSME395,Annapurna Tools,Anita Verma,Hardware Store,Lucknow,Uttar Pradesh,5,43,2,26,5,4588155.72,Yes,Yes,35559.14,220998.45,408214.33,Micro,service_based,116779.06
MSME396,Shree Health Care,Lakshmi Reddy,Medical Shop,Madurai,Tamil Nadu,9,54,3,27,36,8358486.91,Yes,No,0.0,490825.99,356485.81,Micro,inventory_intensive,355539.95
MSME397,Sri Service Point,Priya Das,Automobile Workshop,Kanpur,Uttar Pradesh,11,57,6,27,5,8158382.84,Yes,Yes,210417.68,273036.59,669996.64,Micro,high_emi,264733.47
MSME398,Shree Tools,Ramesh Rao,Hardware Store,Coimbatore,Tamil Nadu,9,34,4,30,11,13190811.75,Yes,No,0.0,851749.95,998646.13,Micro,inventory_intensive,270316.63
MSME399,Nagpur Kirana,Ritu Mukherjee,Grocery Store,Nagpur,Maharashtra,3,38,5,30,27,4671680.88,Yes,Yes,76746.21,235003.57,252964.44,Micro,debt_stressed,78390.76
MSME400,Ganesh Sanitary & Hardware,Pooja Nair,Hardware Store,Dehradun,Uttarakhand,3,56,3,25,11,11012275.47,Yes,Yes,77616.86,784933.48,648755.85,Micro,cash_heavy,286151.96
MSME401,Sunita Confectionery,Sunita Verma,Bakery,Kolkata,West Bengal,20,52,6,28,40,5191855.14,Yes,Yes,71929.75,175761.06,228067.86,Micro,recovery_phase,89046.99
MSME402,Annapurna Mobiles,Arun Ansari,Mobile Shop,Ahmedabad,Gujarat,14,55,6,28,5,11832225.58,Yes,Yes,119892.59,820899.57,1137532.1,Micro,expansion_phase,422158.6
MSME403,Naveen Medi Plus,Naveen Rao,Medical Shop,Warangal,Telangana,12,45,4,30,15,3789057.37,Yes,Yes,28814.17,236492.53,424230.91,Micro,very_stable,89402.48
MSME404,Ramesh Cargo Movers,Ramesh Khan,Logistics Company,Kanpur,Uttar Pradesh,17,46,8,30,5,16967142.87,Yes,Yes,140322.97,696844.17,987612.86,Micro,manufacturing_based,587374.85
MSME405,Sri Interiors,Rajesh Verma,Furniture Manufacturer,Ludhiana,Punjab,15,32,9,27,5,18361721.4,Yes,No,0.0,1139794.74,2400121.73,Micro,manufacturing_based,321232.83
MSME406,Sanjay Bakers,Sanjay Patel,Bakery,Surat,Gujarat,11,42,6,26,41,4816679.74,Yes,Yes,47777.52,161766.73,451345.49,Micro,very_stable,189204.33
MSME407,Shree Dairy,Anita Mehta,Dairy,Ahmedabad,Gujarat,15,45,2,30,61,6463148.95,Yes,Yes,47262.15,257581.08,447821.26,Micro,service_based,137218.43
MSME408,New Builders,Deepak Kumar,Construction Contractor,Guwahati,Assam,16,38,5,26,5,17479397.65,Yes,Yes,139755.47,1251911.52,902482.76,Micro,digitally_driven,691158.83
MSME409,Anita Kirana,Anita Chaudhary,Grocery Store,Surat,Gujarat,22,55,3,25,40,5769816.19,Yes,Yes,87124.32,362449.36,506720.0,Micro,declining,201027.3
MSME410,Om Sai Offset Press,Manoj Nair,Printing Press,Surat,Gujarat,21,52,2,30,5,4264224.14,Yes,Yes,37222.45,295312.8,226436.43,Micro,manufacturing_based,103312.38
MSME411,Surat Kirana,Meena Gupta,Grocery Store,Surat,Gujarat,11,48,3,26,66,9291870.57,Yes,Yes,91772.31,576561.3,1228246.96,Micro,cash_heavy,206310.13
MSME412,Ganesh Transport,Sunita Patel,Transport Service,Thiruvananthapuram,Kerala,14,42,5,30,5,9859651.73,Yes,No,0.0,490368.36,841807.13,Micro,cash_heavy,437794.68
MSME413,Balaji Electronics,Anita Nair,Electronics Shop,Guwahati,Assam,18,38,5,28,5,13094086.85,Yes,No,0.0,621272.33,920400.74,Micro,manufacturing_based,558738.53
MSME414,Balaji Medicals,Meena Mukherjee,Medical Shop,Warangal,Telangana,6,55,4,27,31,7194849.06,Yes,Yes,52855.48,361627.59,743310.77,Micro,seasonal_festival,319525.61
MSME415,Patna Provisions,Ganesh Jain,Grocery Store,Patna,Bihar,22,43,7,25,77,10391044.74,Yes,No,0.0,376435.79,828088.26,Micro,cash_heavy,409440.38
MSME416,Sri Freight Services,Suresh Das,Logistics Company,Mysuru,Karnataka,11,36,5,30,5,9664298.75,Yes,No,0.0,433374.76,1263205.65,Micro,inventory_intensive,436056.16
MSME417,Delhi Medicals,Farhan Rao,Pharmacy,Delhi,Delhi,12,60,5,27,39,11199640.4,Yes,Yes,100086.82,360955.74,849535.39,Micro,digitally_driven,359214.43
MSME418,Sri Medi Store,Vikram Patel,Pharmacy,Ludhiana,Punjab,15,50,6,26,26,6794199.23,Yes,Yes,52489.42,279763.62,831251.34,Micro,seasonal_festival,206498.2
MSME419,Balaji Builders,Pooja Mukherjee,Construction Contractor,Jodhpur,Rajasthan,21,39,8,27,5,20087168.75,Yes,No,0.0,1234559.68,2275481.98,Micro,inventory_intensive,495980.44
MSME420,New Infra,Ritu Sharma,Construction Contractor,Bhopal,Madhya Pradesh,9,59,6,28,5,13961358.9,Yes,Yes,120328.08,597136.27,1641572.27,Micro,service_based,356835.09
MSME421,Mysuru Kirana,Ganesh Verma,Grocery Store,Mysuru,Karnataka,12,41,3,28,53,8235247.3,Yes,No,0.0,561357.4,378898.68,Micro,service_based,240350.19
MSME422,Kolkata Family Dhaba,Shweta Pillai,Restaurant,Kolkata,West Bengal,15,52,6,30,34,15886524.86,Yes,No,0.0,495326.91,906236.71,Micro,seasonal_festival,473012.23
MSME423,Krishna Service Point,Meena Iyer,Automobile Workshop,Thiruvananthapuram,Kerala,8,57,4,30,5,7378781.92,Yes,No,0.0,443699.76,341334.6,Micro,digitally_driven,212530.9
MSME424,Star Fashions,Anita Sharma,Garment Store,Coimbatore,Tamil Nadu,22,45,3,30,8,8722808.11,Yes,Yes,76354.08,466310.78,881517.88,Micro,digitally_driven,243990.5
MSME425,Om Sai Hardware,Ganesh Bose,Hardware Store,Jaipur,Rajasthan,7,35,3,27,8,8679379.55,Yes,Yes,209667.44,253193.17,983107.59,Micro,high_emi,382440.45
